"accountId","balanceOf","id","smartContract"
"bZMXa9HCYxJ4AEGCErdh1pB2L3TetpN4pMCr4HvNjqGoo8Z","962629188790722355","92-bZMXa9HCYxJ4AEGCErdh1pB2L3TetpN4pMCr4HvNjqGoo8Z","{""evm"":""0x101b453a02f961b4e3f0526ecd4c533c3a80d795""}"
"bZNB7zMdttmYVqDTDsUPrWWsi9CteX7md5KH2BayNqBPno2","1421352891189712608","92-bZNB7zMdttmYVqDTDsUPrWWsi9CteX7md5KH2BayNqBPno2","{""evm"":""0xe915d2393a08a00c5a463053edd31bae2199b9e7""}"
"bZcY3JjpaSdS2ByVurh8ogWEV6xw8zZmTkxFKDnZpdC8bZi","10937266205453864116","92-bZcY3JjpaSdS2ByVurh8ogWEV6xw8zZmTkxFKDnZpdC8bZi","{""evm"":""0x101b453a02f961b4e3f0526ecd4c533c3a80d795""}"
"bc32Xx2sbAHE4HJNZwCcan7sa159fhdYVtbDNqS7nkGQXkf","3464632948486870805","92-bc32Xx2sbAHE4HJNZwCcan7sa159fhdYVtbDNqS7nkGQXkf","{""evm"":""0xe915d2393a08a00c5a463053edd31bae2199b9e7""}"
"bc4kh3fjssmAmVbBwsmQqrBFyAgVU6cA4CDGT4YWKN54GKX","262347234668830611","92-bc4kh3fjssmAmVbBwsmQqrBFyAgVU6cA4CDGT4YWKN54GKX","{""evm"":""0xa602d021da61ec4cc44dedbd4e3090a05c97a435""}"
"bc87qf8ZEPuJydwLBYkcAMtdriXTNwzkKXoNn28ESctDteG","3245199354876082760","92-bc87qf8ZEPuJydwLBYkcAMtdriXTNwzkKXoNn28ESctDteG","{""evm"":""0xa602d021da61ec4cc44dedbd4e3090a05c97a435""}"
"bdnvd2nnMP8hUoigjJ4HozQF1MeNGQLn3TK7QY6sajhMs3d","364151435846954344","92-bdnvd2nnMP8hUoigjJ4HozQF1MeNGQLn3TK7QY6sajhMs3d","{""evm"":""0xc4335b1b76fa6d52877b3046eca68f6e708a27dd""}"
"bdvJwwe54P5qehZZcJmER8MfGEBUUvyMQ3tD9qdcfbUFifk","856935336722886723","92-bdvJwwe54P5qehZZcJmER8MfGEBUUvyMQ3tD9qdcfbUFifk","{""evm"":""0x733ebcc6df85f8266349defd0980f8ced9b45f35""}"
"beBJ1mFBLghJ5inKej1qAAZNKLMthH1jBa3URAQW9x1YrST","321334039165392395","92-beBJ1mFBLghJ5inKej1qAAZNKLMthH1jBa3URAQW9x1YrST","{""evm"":""0xa5efb5bf75bbb607dc243707a83f2af5ed4e9813""}"
"bea7fCQ365R8jcZJVQAzDfhryhao5Ksb8LfqnBMso7BqHBD","331655083191903502","92-bea7fCQ365R8jcZJVQAzDfhryhao5Ksb8LfqnBMso7BqHBD","{""evm"":""0xc4335b1b76fa6d52877b3046eca68f6e708a27dd""}"
"beeh1pEW1Sp7uNt6Sg2kApm5juFkAHBj4wiSaLdw7h2giaq","16996267422289354816","92-beeh1pEW1Sp7uNt6Sg2kApm5juFkAHBj4wiSaLdw7h2giaq","{""evm"":""0xa602d021da61ec4cc44dedbd4e3090a05c97a435""}"
"bgmkkfHnynAwgqPUGv2X9DqfbNjaYGzap9vBLM8fWkmP2mt","456904758750160345","92-bgmkkfHnynAwgqPUGv2X9DqfbNjaYGzap9vBLM8fWkmP2mt","{""evm"":""0xa5efb5bf75bbb607dc243707a83f2af5ed4e9813""}"
"bhBmgip4ivtWY1oauTS9RxpSPGqCeaEgNFL5ahNaPrquHwa","6621771982516313573","92-bhBmgip4ivtWY1oauTS9RxpSPGqCeaEgNFL5ahNaPrquHwa","{""evm"":""0xa602d021da61ec4cc44dedbd4e3090a05c97a435""}"
"bhePw7GtV93Y5yGH7MKcGksG9vx3UrYsTccafxTrE7Sgqxk","441830078886084926","92-bhePw7GtV93Y5yGH7MKcGksG9vx3UrYsTccafxTrE7Sgqxk","{""evm"":""0xa5efb5bf75bbb607dc243707a83f2af5ed4e9813""}"
"biUa62JSc44RXBnZ7BrVQsjqmtryq3uYnxa3XH79SVzzmZg","7397037250163769889","92-biUa62JSc44RXBnZ7BrVQsjqmtryq3uYnxa3XH79SVzzmZg","{""evm"":""0xa5efb5bf75bbb607dc243707a83f2af5ed4e9813""}"
